{"cameraMode":{"drawMode":0,"name":"Shaded","section":"Shading Mode"},"sceneLighting":true,"audioPlay":false,"sceneViewState":{"showFog":false,"showMaterialUpdate":false,"showSkybox":false,"showFlares":false,"showImageEffects":false,"showParticleSystems":false},"in2DMode":false,"pivot":{"x":0.6280099153518677,"y":0.10999999940395355,"z":-0.0005898848176002502},"rotation":{"x":0.43330705165863039,"y":0.41143208742141726,"z":-0.23217324912548066,"w":0.7675422430038452},"size":2.574498414993286,"orthographic":true}