{"cameraMode":{"drawMode":0,"name":"Shaded","section":"Shading Mode"},"sceneLighting":true,"audioPlay":false,"sceneViewState":{"showFog":false,"showMaterialUpdate":false,"showSkybox":false,"showFlares":false,"showImageEffects":false,"showParticleSystems":false},"in2DMode":false,"pivot":{"x":0.6280099153518677,"y":0.10999999940395355,"z":-0.0005898848176002502},"rotation":{"x":0.6389950513839722,"y":0.3526800572872162,"z":-0.5436934232711792,"w":0.41443175077438357},"size":1.4822970628738404,"orthographic":true}